{"Kanye West":1.896551724137931,"Jay Z":1.8103448275862069,"Kendrick Lamar":1.9080459770114941,"Diddy":1.9425287356321839,"Drake":2.0402298850574714,"Lil Wayne":1.8333333333333333,"Big Sean":1.9482758620689655,"Jeezy":1.9022988505747127,"Pusha T":1.9597701149425288,"J. Cole":2.1091954022988504,"Common":1.9827586206896552,"2 Chainz":1.8563218390804597,"Nicki Minaj":2.045977011494253,"A$AP Ferg":2.3333333333333335,"Tyler, The Creator":2.189655172413793,"Ludacris":1.8160919540229885,"Talib Kweli":1.8735632183908046,"Cam'ron":1.9827586206896552,"Nas":1.7988505747126438,"KRS-ONE":2.0229885057471266,"RZA":2.028735632183908,"T.I.":1.7701149425287357,"Rick Ross":1.7758620689655173,"Lupe Fiasco":2.057471264367816,"Yasiin Bey":1.9597701149425288,"Eminem":1.8850574712643677,"Raekwon":1.764367816091954,"Scarface":1.9482758620689655,"Busta Rhymes":1.764367816091954,"Chief Keef":2.3448275862068964,"E-40":1.8908045977011494,"Jadakiss":1.9022988505747127,"Future":2.0172413793103448,"Ol' Dirty Bastard":2.1379310344827585,"Frank Ocean":2.3620689655172415,"Ghostface Killah":1.9195402298850575,"Twista":1.896551724137931,"Pete Rock":2.103448275862069,"Wale":1.9367816091954022,"Ty Dolla $ign":2.1264367816091956,"Dr. Dre":2.0344827586206895,"The Notorious B.I.G.":1.9195402298850575,"Ja Rule":2.1724137931034484,"Outkast":2.2126436781609193,"Killer Mike":2.0172413793103448,"DMX":2.0804597701149423,"50 Cent":1.9885057471264367,"Meek Mill":2.0114942528735633,"Lil Kim":2.0689655172413794,"Kurupt":1.9425287356321839,"YG":2.1494252873563218,"Nipsey Hu$$le":2.206896551724138,"Birdman":2.0804597701149423,"ScHoolboy Q":2.103448275862069,"Wiz Khalifa":1.8850574712643677,"2Pac":1.9022988505747127,"Young Thug":2.3505747126436782,"Juicy J":2,"Master P":2.1666666666666665,"Boosie Badazz":2.32183908045977,"Rich Homie Quan":2.4597701149425286,"A$AP Rocky":2.0517241379310347,"Royce Da 5'9\"":2.0804597701149423,"Yelawolf":2.028735632183908,"Big KRIT":2.0114942528735633,"Danny Brown":2.0919540229885056,"Action Bronson":2.0517241379310347,"Joey BADA$$":2.4195402298850577,"Ab-Soul":2.1149425287356323,"Ace Hood":2.160919540229885,"Jay Rock":2.1494252873563218,"Tech N9ne":2.028735632183908,"B.o.B":2.0172413793103448,"Mac Miller":2.0517241379310347,"Snoop Dogg":1.7873563218390804,"Childish Gambino":2.2471264367816093,"Curren$y":2.0229885057471266,"Murs":2.3333333333333335,"The Roots":2.3620689655172415,"Gucci Mane":1.9540229885057472,"Logic":2.6436781609195403,"Fat Joe":1.8735632183908046,"LL Cool J":2.0689655172413794,"Nelly":2.103448275862069,"Bone Thugs-n-Harmony":2.218390804597701,"Waka Flocka Flame":2.17816091954023,"Trey Songz":2.0402298850574714,"Mystikal":2.0804597701149423,"Bun B":1.8620689655172413,"Soulja Boy":2.2298850574712645,"Krizz Kaliko":2.2701149425287355,"Lil B":2.5229885057471266,"Wyclef Jean":2.160919540229885,"Chance The Rapper":2.3333333333333335,"Kevin Gates":2.396551724137931,"Hodgy Beats":2.6436781609195403,"Asher Roth":2.264367816091954,"Ice Cube":2,"Nate Dogg":2.057471264367816,"El-P":2.7586206896551726,"AZ":2.3793103448275863,"Mobb Deep":2.0919540229885056,"De La Soul":2.2241379310344827,"Beastie Boys":2.735632183908046,"Xzibit":1.9942528735632183,"Kool G. Rap":2.028735632183908,"Inspectah Deck":2.281609195402299,"MC Guru":2.4942528735632186,"Freddie Gibbs":2,"Killah Priest":2.1494252873563218,"Method Man":1.9252873563218391,"MF DOOM":2.3850574712643677,"Cappadonna":2.2413793103448274,"RiFF RAFF":2.3563218390804597,"Masta Ace":2.442528735632184,"Krayzie Bone":2.2126436781609193,"Brother Ali":2.5172413793103448,"Redman":1.9137931034482758,"Outlawz":2.5172413793103448,"Ice-T":2.3735632183908044,"Three 6 Mafia":2.4885057471264367,"Ras Kass":2.0632183908045976,"Aesop Rock":3.103448275862069,"Cunninlynguists":2.471264367816092,"Prince Paul":2.6494252873563218,"Erick Sermon":2.218390804597701,"E.P.M.D.":2.3563218390804597,"Atmosphere":3.3850574712643677,"Rakim":2.310344827586207,"A Tribe Called Quest":2.4942528735632186,"Run-D.M.C.":2.4022988505747125,"Eyedea":4.005747126436781,"Cannibal Ox":3.1551724137931036,"UGK":2.132183908045977,"Pimp C":2.2011494252873565,"GZA":2.3735632183908044,"Kool Keith":3.1436781609195403,"Das EFX":2.6494252873563218,"Gang Starr":2.413793103448276,"Goodie Mob":2.7413793103448274,"Cypress Hill":2.4655172413793105,"Clipse":2.293103448275862,"Biz Markie":2.4195402298850577,"Jungle Brothers":3.218390804597701,"Jay Electronica":2.2701149425287355,"Jeru the Damaja":3.4080459770114944,"Canibus":2.293103448275862,"Earl Sweatshirt":2.557471264367816,"U-God":2.4310344827586206,"Masta Killa":2.3505747126436782,"Eazy-E":2.4482758620689653,"Big L":2.3505747126436782,"Lauryn Hill":2.4655172413793105,"Big Punisher":2.160919540229885,"Slick Rick":2.189655172413793,"Public Enemy":2.6264367816091956,"Chuck D":2.2241379310344827,"Big Boi":2.103448275862069,"Andre 3000":2.1954022988505746,"Black Thought":2.057471264367816,"The Underachievers":2.7586206896551726,"Flatbush Zombies":2.660919540229885,"Capital STEEZ":3.4080459770114944,"CJ Fly":3.045977011494253,"Casey Veggies":2.413793103448276,"Big Daddy Kane":2.0919540229885056,"Immortal Technique":2.3448275862068964,"Pharoahe Monch":2.206896551724138,"MC Lyte":2.4597701149425286,"Kool Moe Dee":2.6954022988505746,"Queen Latifah":2.5344827586206895,"Beanie Sigel":2.0114942528735633,"Domo Genesis":2.4942528735632186,"Game":1.632183908045977,"Rae Sremmurd":2.603448275862069}
